{
  "G": [
    5.656159585475922,
    4.867481979370117,
    4.64859388923645,
    4.51275403547287,
    4.459760511398316,
    4.446915670871735,
    4.372039877891541,
    4.229763867855072,
    4.181496237754822,
    4.072945789813995,
    4.147349548816681,
    4.125368961334228,
    4.109937744617462,
    4.065276132583618,
    4.06249716091156,
    3.9802743973731993,
    4.020832033634186,
    3.956729360103607,
    3.9362224173545837,
    3.886663856983185,
    3.87014080619812,
    3.891635585784912,
    3.8626439924240112,
    3.8746112003326414,
    3.838829698562622,
    3.8271276769638063,
    3.8552454056739807,
    3.848682162284851,
    3.837178786277771,
    3.8293038702011106,
    3.8564359364509584,
    3.79957537651062,
    3.8095018854141234,
    3.817581688404083,
    3.797388563632965,
    3.787785869598389,
    3.77483601808548,
    3.7698035101890564,
    3.75755051612854,
    3.743296462059021,
    3.765455937385559,
    3.701600875377655,
    3.7076928353309633,
    3.6613415522575377,
    3.6417797236442566,
    3.652071485042572,
    3.6275757832527162,
    3.594228810310364,
    3.5921081781387327,
    3.5792020092010497,
    3.5649929552078246,
    3.5737391061782837,
    3.552611611366272,
    3.544465730190277,
    3.5049649333953856,
    3.5162777223587036,
    3.4742784481048585,
    3.5124726758003235,
    3.4350683965682984,
    3.4185002613067628,
    3.404456392765045,
    3.4219330425262453,
    3.3987670555114744,
    3.374409383773804,
    3.3530824246406556,
    3.3390281257629395,
    3.322830626964569,
    3.3050618214607237,
    3.2879691677093508,
    3.289489640712738,
    3.2500166425704955,
    3.256297019958496,
    3.2269039068222045,
    3.2264979457855225,
    3.207787821292877,
    3.2004350447654724,
    3.1839795331954956,
    3.1602793707847594,
    3.1519687547683715,
    3.1395100440979005,
    3.1257727484703066,
    3.113230724334717,
    3.097296808242798,
    3.0834242248535157,
    3.070640567302704,
    3.051967924118042,
    3.040771897315979,
    3.027813898086548,
    3.018635970592499,
    3.000955053806305,
    2.9803527011871336,
    2.9715861496925355,
    2.9567495584487915,
    2.945406449794769,
    2.943332671165466,
    2.929845295906067,
    2.917126911640167,
    2.9131543254852295,
    2.8992770438194273,
    2.885646664142609
  ],
  "D_A": [
    0.21103550420701503,
    0.1860393784791231,
    0.17515150222182274,
    0.17950974833220243,
    0.17034413603693246,
    0.16076140905916692,
    0.15902196314930916,
    0.16907496024668217,
    0.16032887234538792,
    0.15996120962500573,
    0.15779144650697707,
    0.1530815166309476,
    0.1598302127122879,
    0.15237726426124573,
    0.1504848327562213,
    0.15400060369074345,
    0.14998310616612434,
    0.14808739868551493,
    0.1534144323542714,
    0.15127281227707862,
    0.1493037427663803,
    0.1490431025326252,
    0.14471469600498676,
    0.1402723330631852,
    0.14465284617990257,
    0.13923289673030376,
    0.13215648112446068,
    0.12671914342045784,
    0.12028257519751787,
    0.11782585287094116,
    0.11174530195444822,
    0.1049357424005866,
    0.09713856072723866,
    0.09197582345455885,
    0.08935037952661515,
    0.08609086789190769,
    0.08529108065366744,
    0.08257103560864926,
    0.08062342859059572,
    0.08021893208473921,
    0.07697410805523396,
    0.08008360857516528,
    0.07647517032921314,
    0.07942003055661917,
    0.07769012230634689,
    0.07807712268829346,
    0.07541898103058338,
    0.0782975419908762,
    0.07569623254239559,
    0.07468253745883703,
    0.07458083241432906,
    0.07290982923656703,
    0.07394768320769071,
    0.07369139886274934,
    0.07534892664849759,
    0.07452737990021706,
    0.07472340919822454,
    0.07500505086034537,
    0.07597941771149636,
    0.07543321338295937,
    0.07571580796688795,
    0.07590904742479325,
    0.07583514102548361,
    0.07624936389178037,
    0.0781303458660841,
    0.07642973832041025,
    0.076725559361279,
    0.07751172560453415,
    0.07738844133913517,
    0.07743525722622871,
    0.07929840867221355,
    0.07856897103786468,
    0.07645370472967625,
    0.07602661914378404,
    0.07633599933236837,
    0.07735591987520456,
    0.07504017174243927,
    0.07698721285909414,
    0.0751114387139678,
    0.07566338570415973,
    0.07536546097695827,
    0.07506716287136078,
    0.07421217940747737,
    0.07495077971369028,
    0.0748156446814537,
    0.07340710941702128,
    0.07304883109778165,
    0.07291978409141302,
    0.07325828132033348,
    0.07296083118766546,
    0.072027697250247,
    0.07216329032182693,
    0.0713680289387703,
    0.07066388027369976,
    0.0704796909838915,
    0.0701075189858675,
    0.06926863994449377,
    0.06960738114267588,
    0.06928352139890194,
    0.0678383004590869
  ],
  "D_B": [
    0.20122195227444173,
    0.17594410267472266,
    0.16797604221105575,
    0.15732049971073866,
    0.14471231386065483,
    0.1372164486721158,
    0.1369089101627469,
    0.13534218524396419,
    0.17459124891459943,
    0.1325922056660056,
    0.12846437937766314,
    0.1280668496415019,
    0.12548638315498828,
    0.12009413880109787,
    0.12375989155471324,
    0.11928095158934593,
    0.11522235740721226,
    0.11316677495837212,
    0.11468517964333295,
    0.11115094296634197,
    0.10816697827726603,
    0.10953847319632769,
    0.10354604410380125,
    0.10251799222826957,
    0.10154748499393464,
    0.10105644428730011,
    0.09775381073355675,
    0.09514024267345667,
    0.09650288851186634,
    0.09304477646201849,
    0.09208558383211493,
    0.093262470215559,
    0.09173739361763,
    0.09154386521875858,
    0.0899119368121028,
    0.08817565610259771,
    0.08828331744670868,
    0.08808849719166756,
    0.08535329836234451,
    0.0834595286026597,
    0.08293359880894423,
    0.08209112983942032,
    0.08156553101539611,
    0.08000715940445662,
    0.08140474355220795,
    0.07601576557010412,
    0.07810099764540791,
    0.07607134565338493,
    0.07899784964695573,
    0.07250675795227289,
    0.07487516433000564,
    0.07317430049180984,
    0.07239285182952881,
    0.07205608949810266,
    0.07021705629304051,
    0.06971736441925168,
    0.06958427385240794,
    0.06853376289829612,
    0.06917632604017854,
    0.06840196629986167,
    0.06701073161140084,
    0.06407350402697921,
    0.06453443239629268,
    0.06517515870183706,
    0.06618351438641548,
    0.0636570610255003,
    0.06344983635470271,
    0.06102655012905598,
    0.06430901186913252,
    0.06267159033194185,
    0.06098494293540716,
    0.06074867779761553,
    0.0602949991337955,
    0.06038369971513748,
    0.059061900608241555,
    0.05862502644583583,
    0.059505505446344614,
    0.05958415129780769,
    0.05933163894712925,
    0.05707157086580992,
    0.057111904233694076,
    0.05609975496307015,
    0.056783987063914534,
    0.05611193304136396,
    0.05712589151784778,
    0.05674725018069148,
    0.05617368696257472,
    0.05620825405791402,
    0.0548951161056757,
    0.056328219667077066,
    0.05581707725673914,
    0.05491736439615488,
    0.055598890017718075,
    0.054853469729423524,
    0.054962835520505904,
    0.05369880234450102,
    0.05458270164951682,
    0.05361073303222656,
    0.054705306217074395,
    0.05519168057665229
  ],