{
  "epochs": 50,
  "batch_size": 4,
  "lr": 0.001,
  "image_size": 64,
  "train_loss": [
    1.1210404634475708,
    1.120184302330017,
    1.1192579865455627,
    1.1180149912834167,
    1.115792691707611,
    1.1125327944755554,
    1.107114315032959,
    1.0975564122200012,
    1.0797328352928162,
    1.0456672310829163,
    0.9818463325500488,
    0.9083511233329773,
    0.8125966191291809,
    0.7291977405548096,
    0.7041921615600586,
    0.6881662905216217,
    0.6707871854305267,
    0.65310999751091,
    0.6375069916248322,
    0.628974050283432,
    0.6139079332351685,
    0.5928820669651031,
    0.5781001448631287,
    0.5583577156066895,
    0.5269200801849365,
    0.48258446156978607,
    0.4231891483068466,
    0.4071636348962784,
    0.329549103975296,
    0.3386588394641876,
    0.26161614805459976,
    0.2537955418229103,
    0.22582251578569412,
    0.2056773379445076,
    0.2001877799630165,
    0.190776489675045,
    0.1820584014058113,
    0.17611677944660187,
    0.17223342508077621,
    0.15459252893924713,
    0.15818201750516891,
    0.14562233537435532,
    0.1392011120915413,
    0.13527727872133255,
    0.12985854595899582,
    0.12449221312999725,
    0.12045687809586525,
    0.11604540050029755
  ],
  "train_ssim": [
    0.004891368094831705,
    0.0054409438744187355,
    0.0061383359134197235,
    0.007691266015172005,
    0.010041667148470879,
    0.013842813670635223,
    0.02064632810652256,
    0.03336155042052269,
    0.057403795421123505,
    0.10251468420028687,
    0.16273705661296844,
    0.23041106760501862,
    0.3333999216556549,
    0.3609529435634613,
    0.37787342071533203,
    0.3920125365257263,
    0.4034663736820221,
    0.417204350233078,
    0.4296761751174927,
    0.44494861364364624,
    0.4650227725505829,
    0.4746158719062805,
    0.4995424151420593,
    0.5225874185562134,
    0.5592437386512756,
    0.6130144596099854,
    0.6835249066352844,
    0.7018582224845886,
    0.6802735924720764,
    0.7331264615058899,
    0.7404187321662903,
    0.7839344143867493,
    0.8106732964515686,
    0.8253370523452759,
    0.8302571773529053,
    0.8429355025291443,
    0.8508111238479614,
    0.857906699180603,
    0.8614822030067444,
    0.8595085740089417,
    0.8755453824996948,
    0.8779881000518799,
    0.8834805488586426,
    0.8911198973655701,
    0.895025372505188,
    0.8980420827865601,
    0.8986429572105408,
    0.9047046303749084
  ],
  "eval_ssim": [
    0.004825471434742212,
    0.005487307906150818,
    0.00633342657238245,
    0.008230900391936302,
    0.011006656102836132,
    0.015629567205905914,
    0.02379649505019188,
    0.03796155005693436,
    0.06337660551071167,
    0.11263886839151382,
    0.18449704349040985,
    0.24353371560573578,
    0.31516319513320923,
    0.31800228357315063,
    0.33234038949012756,
    0.342468798160553,
    0.345308780670166,
    0.3833189010620117,
    0.39378711581230164,
    0.39998891949653625,
    0.44373786449432373,
    0.44990596175193787,
    0.4755657911300659,
    0.49532777070999146,
    0.5328131914138794,
    0.6015797853469849,
    0.6658968925476074,
    0.6687774658203125,
    0.6578811407089233,
    0.6806236505508423,
    0.7323163747787476,
    0.7289466261863708,
    0.7710204124450684,
    0.7630378007888794,
    0.7848259210586548,
    0.7917150855064392,
    0.7912925481796265,
    0.7970632314682007,
    0.8096064329147339,
    0.7969851493835449,
    0.8196592330932617,
    0.8267799615859985,
    0.8235058784484863,
    0.8327879905700684,
    0.8371979594230652,
    0.8369899392127991,
    0.8425865173339844,
    0.842702329158783
  ],
  "best_ssim": 0.842702329158783,
  "best_epoch": 48,
  "min_ssim": 0.9,
  "edge_weight": 4.0,
  "l1_weight": 0.2
}